"word_id","term","translation","from_lang","to_lang","proposed_from_lang","proposed_to_lang","decision","notes"
"3d018bfe-bd5d-4ba2-a448-6a92f54eb7bb","behind","hinter","EN","DE","en","de","",""
"0a29d3d0-ad57-4c78-94b7-ad6d603915c0","dash","Bindestrich","EN","DE","en","de","",""
"37a99d9c-9192-44ce-83b9-08eee8bca169","entire","gesamte","EN","DE","en","de","",""
"8b48b271-2a4e-472e-a0d1-99c142cdc1ab","incident","Vorfall","EN","DE","en","de","",""
"1aff8ead-820c-447c-9dc9-fe5981d91412","interview","Interview","EN","DE","en","de","",""
"0c165b4c-2afb-4861-ac60-75bf59a8611b","move","umziehen","EN","DE","en","de","",""
"31b9fd7e-fbbf-44fa-af67-40c66144f843","report","Bericht","EN","DE","en","de","",""
"32464b29-fec5-4fd3-ba25-a873e3b0f8eb","satellite","Satellit","EN","DE","en","de","",""
"6a6e9ac6-ddc4-4ee0-a6a6-51d8ad8edf3f","throughout","durchgehend","EN","DE","en","de","",""
