"candidate_id","candidate_text","candidate_translation","conflicting_id","conflicting_text","conflicting_translation","conflict_type","proposed_action","keep_word_id","notes"
"3d018bfe-bd5d-4ba2-a448-6a92f54eb7bb","behind","hinter","857507cd-ca70-4a7d-bc5f-66dc09e7f648","behind","hinter","same_text_translation_lang","review_merge_exact_duplicate","","Exakte Dublette nach Normalisierung. Vor Merge prüfen, ob Kategorien/Tags/SRS/user_words/word_categories am zu behaltenden Eintrag zusammengeführt werden müssen."
"0a29d3d0-ad57-4c78-94b7-ad6d603915c0","dash","Bindestrich","e09286d3-351c-4f04-a14a-b7d851c25713","dash","bindestrich","same_text_lang","review_merge_case_variant","","Vermutlich nur Groß-/Kleinschreibung. Deutsche Nomen sollten großgeschrieben bleiben. Vor Merge prüfen, welcher Eintrag bessere Kategorien/Tags/Level besitzt."
"37a99d9c-9192-44ce-83b9-08eee8bca169","entire","gesamte","2a5d060a-cddf-4a67-8ce7-a21367c00fe1","entire","gesamte","same_text_translation_lang","review_merge_exact_duplicate","","Exakte Dublette nach Normalisierung. Vor Merge prüfen, ob Kategorien/Tags/SRS/user_words/word_categories am zu behaltenden Eintrag zusammengeführt werden müssen."
"8b48b271-2a4e-472e-a0d1-99c142cdc1ab","incident","Vorfall","f054cac4-7825-4d46-975e-ca008040a3ee","incident","Störung/Vorfall","same_text_lang","keep_separate_or_merge_meanings","","Gleicher englischer Begriff mit unterschiedlicher deutscher Bedeutung. Fachlich prüfen, ob Übersetzungen zusammengeführt werden sollen, z. B. „Vorfall; Störung“, „bewegen; umziehen“, „durchgehend; in ganz“."
"1aff8ead-820c-447c-9dc9-fe5981d91412","interview","Interview","b07abd1a-d672-4f35-a12c-86c0ff47062d","interview","Interview","same_text_translation_lang","review_merge_exact_duplicate","","Exakte Dublette nach Normalisierung. Vor Merge prüfen, ob Kategorien/Tags/SRS/user_words/word_categories am zu behaltenden Eintrag zusammengeführt werden müssen."
"0c165b4c-2afb-4861-ac60-75bf59a8611b","move","umziehen","ba6b854f-c6af-4751-b9e8-61d8374272a2","move","bewegen","same_text_lang","keep_separate_or_merge_meanings","","Gleicher englischer Begriff mit unterschiedlicher deutscher Bedeutung. Fachlich prüfen, ob Übersetzungen zusammengeführt werden sollen, z. B. „Vorfall; Störung“, „bewegen; umziehen“, „durchgehend; in ganz“."
"31b9fd7e-fbbf-44fa-af67-40c66144f843","report","Bericht","70fbac34-dad7-4af5-986a-19942af4baf5","report","bericht","same_text_lang","review_merge_case_variant","","Vermutlich nur Groß-/Kleinschreibung. Deutsche Nomen sollten großgeschrieben bleiben. Vor Merge prüfen, welcher Eintrag bessere Kategorien/Tags/Level besitzt."
"32464b29-fec5-4fd3-ba25-a873e3b0f8eb","satellite","Satellit","e0d7acc3-7b01-48b4-a6e8-2f0cb06ad422","satellite","satellit","same_text_lang","review_merge_case_variant","","Vermutlich nur Groß-/Kleinschreibung. Deutsche Nomen sollten großgeschrieben bleiben. Vor Merge prüfen, welcher Eintrag bessere Kategorien/Tags/Level besitzt."
"6a6e9ac6-ddc4-4ee0-a6a6-51d8ad8edf3f","throughout","durchgehend","8aae50ac-dadb-49ad-8ce6-89f6c501ecac","throughout","in ganz","same_text_lang","keep_separate_or_merge_meanings","","Gleicher englischer Begriff mit unterschiedlicher deutscher Bedeutung. Fachlich prüfen, ob Übersetzungen zusammengeführt werden sollen, z. B. „Vorfall; Störung“, „bewegen; umziehen“, „durchgehend; in ganz“."
